Asset,Software
AL34965,Adobe Photoshop/Google Chrome/Microsoft Teams/NotePad ++/Microsoft Excel
AL86753,Adobe Photoshop/Google Chrome/Adobe Illustrator/Microsoft Teams/NotePad ++/Microsoft Excel
AL12858,Adobe Photoshop/Google Chrome/Adobe Illustrator/Microsoft Teams/NotePad ++/Microsoft Excel
AL23663,Adobe Photoshop/Google Chrome/Adobe Illustrator/Microsoft Teams/NotePad ++/Microsoft Excel
AL34895,Adobe Photoshop/Google Chrome/Adobe Illustrator/Microsoft Teams/NotePad ++/Microsoft Excel
AL34896,Adobe Photoshop/Google Chrome/Adobe Illustrator/Microsoft Teams/NotePad ++/Microsoft Excel
AL34897,Adobe Photoshop/Google Chrome/Adobe Illustrator/Microsoft Teams/NotePad ++/Microsoft Excel
AL34898,Adobe Photoshop/Google Chrome
AL34899,Adobe Illustrator/Microsoft Teams/NotePad ++/Microsoft Excel
AL34900,Adobe Photoshop/Google Chrome/Adobe Illustrator/Microsoft Teams/NotePad ++/Microsoft Excel
AL34901,Adobe Photoshop/Google Chrome/Adobe Illustrator/Microsoft Teams/NotePad ++/Microsoft Excel
AL34902,Adobe Photoshop/Google Chrome/Adobe Illustrator/Microsoft Teams/NotePad ++/Microsoft Excel
AL34903,Adobe Photoshop/Google Chrome/Adobe Illustrator/Microsoft Teams/NotePad ++/Microsoft Excel
AL34904,Adobe Photoshop/Google Chrome/Adobe Illustrator/Microsoft Teams/NotePad ++/Microsoft Excel
AL34905,Adobe Photoshop/Google Chrome/Adobe Illustrator/Microsoft Teams/NotePad ++/Microsoft Excel
AL34906,Adobe Photoshop/Google Chrome/NotePad ++/Microsoft Excel
AL34907,Adobe Photoshop/Google Chrome/Adobe Illustrator/Microsoft Teams/NotePad ++/Microsoft Excel
AL34908,Adobe Photoshop/Google Chrome/Adobe Illustrator/Microsoft Teams/NotePad ++/Microsoft Excel
AL34909,Adobe Photoshop/Google Chrome/Adobe Illustrator/Microsoft Teams/NotePad ++/Microsoft Excel
AL34910,Adobe Photoshop/Google Chrome/Adobe Illustrator/Microsoft Teams/NotePad ++/Microsoft Excel
AL34911,Adobe Photoshop/Google Chrome/Adobe Illustrator/Microsoft Teams/NotePad ++
AL34912,Adobe Photoshop/Google Chrome/Adobe Illustrator/Microsoft Teams/NotePad ++/Microsoft Excel
AL34913,Adobe Photoshop/Google Chrome/Adobe Illustrator/Microsoft Teams/NotePad ++/Microsoft Excel
AL34914,Adobe Photoshop/Google Chrome/Adobe Illustrator/Microsoft Teams/NotePad ++/Microsoft Excel
AL34915,Adobe Photoshop
AL34916,Adobe Photoshop/Google Chrome/Adobe Illustrator/Microsoft Teams/NotePad ++/Microsoft Excel
AL34917,Adobe Photoshop/Google Chrome/Adobe Illustrator/Microsoft Teams/NotePad ++/Microsoft Excel
AL34918,Adobe Photoshop/Google Chrome/Adobe Illustrator/Microsoft Teams/NotePad ++/Microsoft Excel
AL34919,Adobe Photoshop/Google Chrome/Adobe Illustrator/Microsoft Teams/NotePad ++/Microsoft Excel
AL34920,Adobe Photoshop/Google Chrome/Adobe Illustrator/Microsoft Teams/NotePad ++/Microsoft Excel
AL34921,Adobe Photoshop/Google Chrome/Adobe Illustrator/Microsoft Teams/NotePad ++/Microsoft Excel
AL34922,Adobe Photoshop/Google Chrome/Adobe Illustrator/Microsoft Teams/NotePad ++/Microsoft Excel
AL34923,Adobe Photoshop/Google Chrome/Adobe Illustrator/Microsoft Teams/NotePad ++/Microsoft Excel
AL34924,Adobe Photoshop/Google Chrome/Adobe Illustrator/NotePad ++/Microsoft Excel
AL34925,Adobe Photoshop/Google Chrome/Adobe Illustrator/Microsoft Teams/NotePad ++/Microsoft Excel
AL34926,Adobe Photoshop/Google Chrome/Adobe Illustrator/Microsoft Teams/NotePad ++/Microsoft Excel
AL34927,Adobe Photoshop/Google Chrome/Adobe Illustrator/Microsoft Teams/NotePad ++/Microsoft Excel
AL34928,Adobe Photoshop/Google Chrome/Adobe Illustrator/Microsoft Teams/NotePad ++/Microsoft Excel
AL34929,Adobe Photoshop/Google Chrome/Adobe Illustrator
AL34930,Adobe Photoshop/Google Chrome/Adobe Illustrator/Microsoft Teams/NotePad ++/Microsoft Excel
AL34931,Adobe Photoshop/Google Chrome/Adobe Illustrator/Microsoft Teams/NotePad ++/Microsoft Excel
AL34932,Adobe Photoshop/Google Chrome/Adobe Illustrator/Microsoft Teams/NotePad ++/Microsoft Excel
AL34933,Adobe Photoshop/Google Chrome/Adobe Illustrator/Microsoft Teams/NotePad ++/Microsoft Excel
AL34934,Adobe Photoshop/Adobe Illustrator/Microsoft Teams/NotePad ++/Microsoft Excel
AL34935,Adobe Photoshop/Google Chrome/Microsoft Teams/NotePad ++/Microsoft Excel